violation_id,vehicle_number,vehicle_type,violation_type,latitude,longitude,timestamp,police_station,junction_name,validation_status,cis_score
VID000000,KA82DA5506,LGV,WRONG PARKING,12.908884,77.657958,2024-01-01 00:00:00,Indiranagar PS,Near Signal,approved,17.52
VID000001,KA32HE2679,CAR,WRONG PARKING,13.017002,77.696432,2024-01-01 01:00:00,Koramangala PS,Flyover,approved,27.88
VID000002,KA87XR2424,PASSENGER AUTO,WRONG PARKING,12.986381,77.462355,2024-01-01 02:00:00,Madiwala PS,Main Junction,rejected,83.8
VID000003,KA76NB1488,VAN,DOUBLE PARKING,12.873509,77.651116,2024-01-01 03:00:00,Koramangala PS,Main Junction,approved,21.45
VID000004,KA12GH9279,LGV,WRONG PARKING,13.061313,77.735465,2024-01-01 04:00:00,Indiranagar PS,,approved,30.06
VID000005,KA78AR4257,TANKER,BLOCKING JUNCTION,13.031719,77.487266,2024-01-01 05:00:00,Madiwala PS,,pending,16.66
VID000006,KA92UW9928,MOTOR CYCLE,FOOTPATH PARKING,12.855295,77.718866,2024-01-01 06:00:00,Madiwala PS,,approved,65.85
VID000007,KA54HO5557,LGV,FOOTPATH PARKING,12.999814,77.628433,2024-01-01 07:00:00,Koramangala PS,Underpass,approved,89.96
VID000008,KA01YZ3615,PASSENGER AUTO,WRONG PARKING,13.027387,77.634981,2024-01-01 08:00:00,Indiranagar PS,Near Signal,pending,29.21
VID000009,KA90NK5552,VAN,DOUBLE PARKING,12.93612,77.633883,2024-01-01 09:00:00,HSR Layout PS,Flyover,approved,47.79
VID000010,KA20GY6514,CAR,DOUBLE PARKING,12.865852,77.539651,2024-01-01 10:00:00,Indiranagar PS,Main Junction,rejected,62.09
VID000011,KA14CM2584,PASSENGER AUTO,BLOCKING JUNCTION,12.867784,77.730561,2024-01-01 11:00:00,Bellandur PS,Flyover,pending,94.95
VID000012,KA46LT5333,PASSENGER AUTO,WRONG PARKING,12.873977,77.734205,2024-01-01 12:00:00,MG Road PS,Near Signal,pending,14.43
VID000013,KA06XO9785,MOTOR CYCLE,FOOTPATH PARKING,13.043301,77.637591,2024-01-01 13:00:00,HSR Layout PS,Near Signal,approved,49.87
VID000014,KA16MC5803,BUS,DOUBLE PARKING,13.059458,77.685027,2024-01-01 14:00:00,Madiwala PS,Main Junction,approved,39.66
VID000015,KA81TL4150,VAN,WRONG PARKING,12.878246,77.633677,2024-01-01 15:00:00,HSR Layout PS,Underpass,approved,82.92
VID000016,KA91CB4733,MOPED,DOUBLE PARKING,12.904258,77.59532,2024-01-01 16:00:00,Madiwala PS,,rejected,47.84
VID000017,KA99JC4814,PASSENGER AUTO,DOUBLE PARKING,12.88807,77.648246,2024-01-01 17:00:00,Madiwala PS,Underpass,rejected,14.99
VID000018,KA13MI8428,BUS,FOOTPATH PARKING,12.892854,77.6159,2024-01-01 18:00:00,HSR Layout PS,Near Signal,approved,62.1
VID000019,KA82LF7065,MOPED,NO PARKING ZONE,13.042623,77.629243,2024-01-01 19:00:00,Madiwala PS,Near Signal,approved,74.37
VID000020,KA46GV5374,VAN,BLOCKING JUNCTION,12.926394,77.68515,2024-01-01 20:00:00,Madiwala PS,Underpass,approved,5.26
VID000021,KA90VU2169,SCOOTER,BLOCKING JUNCTION,12.921632,77.594271,2024-01-01 21:00:00,Bellandur PS,,approved,82.31
VID000022,KA78UF9751,TANKER,FOOTPATH PARKING,12.902301,77.462226,2024-01-01 22:00:00,Indiranagar PS,,approved,21.74
VID000023,KA94HF8573,BUS,DOUBLE PARKING,12.989816,77.4992,2024-01-01 23:00:00,Indiranagar PS,Near Signal,approved,54.69
VID000024,KA49IU4598,GOODS AUTO,WRONG PARKING,12.93724,77.581582,2024-01-02 00:00:00,MG Road PS,,pending,42.42
VID000025,KA88KY1916,SCOOTER,DOUBLE PARKING,13.021177,77.667448,2024-01-02 01:00:00,MG Road PS,,approved,69.77
VID000026,KA30BZ6168,TANKER,FOOTPATH PARKING,12.897283,77.627984,2024-01-02 02:00:00,Bellandur PS,Main Junction,approved,38.4
VID000027,KA52IC4456,MOTOR CYCLE,BLOCKING JUNCTION,13.031192,77.645088,2024-01-02 03:00:00,MG Road PS,Main Junction,approved,83.28
VID000028,KA73WK4483,LGV,DOUBLE PARKING,12.988856,77.593784,2024-01-02 04:00:00,HSR Layout PS,Flyover,approved,70.74
VID000029,KA84PM8517,CAR,BLOCKING JUNCTION,12.876281,77.634723,2024-01-02 05:00:00,Koramangala PS,Underpass,approved,63.29
VID000030,KA19IE5040,GOODS AUTO,WRONG PARKING,12.945336,77.548705,2024-01-02 06:00:00,Koramangala PS,Near Signal,approved,76.66
VID000031,KA96RR5304,MOTOR CYCLE,BLOCKING JUNCTION,13.048609,77.591055,2024-01-02 07:00:00,Koramangala PS,,rejected,72.86
VID000032,KA96SN7543,VAN,BLOCKING JUNCTION,13.062281,77.673284,2024-01-02 08:00:00,Bellandur PS,Flyover,rejected,8.23
VID000033,KA47HE9348,MOTOR CYCLE,NO PARKING ZONE,12.957111,77.71155,2024-01-02 09:00:00,Bellandur PS,Main Junction,approved,40.53
VID000034,KA64CY1771,LGV,NO PARKING ZONE,12.960593,77.580097,2024-01-02 10:00:00,Madiwala PS,,approved,88.77
VID000035,KA15EU3621,VAN,NO PARKING ZONE,13.061245,77.463098,2024-01-02 11:00:00,Koramangala PS,Underpass,approved,16.32
VID000036,KA88NT2040,GOODS AUTO,BLOCKING JUNCTION,12.985026,77.498502,2024-01-02 12:00:00,HSR Layout PS,Main Junction,approved,71.34
VID000037,KA50MT8668,LGV,FOOTPATH PARKING,12.857555,77.456258,2024-01-02 13:00:00,MG Road PS,Near Signal,approved,92.71
VID000038,KA68IR1188,MOPED,BLOCKING JUNCTION,13.059932,77.645979,2024-01-02 14:00:00,HSR Layout PS,,approved,9.7
VID000039,KA88XD9797,CAR,FOOTPATH PARKING,12.907092,77.549694,2024-01-02 15:00:00,MG Road PS,Flyover,approved,66.4
VID000040,KA97IY6573,GOODS AUTO,FOOTPATH PARKING,12.982855,77.612744,2024-01-02 16:00:00,Koramangala PS,Near Signal,approved,47.13
VID000041,KA15JN3591,MOPED,NO PARKING ZONE,12.888068,77.597983,2024-01-02 17:00:00,Koramangala PS,,approved,57.13
VID000042,KA59AX5315,TANKER,DOUBLE PARKING,12.857792,77.474458,2024-01-02 18:00:00,Koramangala PS,,pending,12.68
VID000043,KA65YF9317,GOODS AUTO,WRONG PARKING,12.921639,77.570978,2024-01-02 19:00:00,Bellandur PS,,approved,8.87
VID000044,KA14UJ9317,TANKER,NO PARKING ZONE,13.029514,77.516168,2024-01-02 20:00:00,MG Road PS,,approved,65.02
VID000045,KA78GE7126,VAN,NO PARKING ZONE,12.913845,77.57552,2024-01-02 21:00:00,Bellandur PS,,approved,79.1
VID000046,KA98FR9689,MOPED,DOUBLE PARKING,12.900622,77.511073,2024-01-02 22:00:00,Bellandur PS,Near Signal,rejected,75.38
VID000047,KA01TK9005,CAR,WRONG PARKING,12.898917,77.702136,2024-01-02 23:00:00,Indiranagar PS,Underpass,approved,53.94
VID000048,KA03DL6038,LGV,BLOCKING JUNCTION,12.96849,77.502258,2024-01-03 00:00:00,HSR Layout PS,Underpass,approved,13.99
VID000049,KA31BH2290,PASSENGER AUTO,BLOCKING JUNCTION,13.074375,77.738234,2024-01-03 01:00:00,HSR Layout PS,Near Signal,approved,66.92
VID000050,KA11XP2133,MOTOR CYCLE,NO PARKING ZONE,12.955567,77.574772,2024-01-03 02:00:00,Madiwala PS,Underpass,rejected,26.77
VID000051,KA98RY3060,SCOOTER,WRONG PARKING,12.97818,77.703874,2024-01-03 03:00:00,Bellandur PS,Flyover,approved,87.0
VID000052,KA17VP3705,CAR,NO PARKING ZONE,13.047945,77.638629,2024-01-03 04:00:00,MG Road PS,Flyover,rejected,80.44
VID000053,KA34QT7932,MOPED,FOOTPATH PARKING,12.973066,77.670605,2024-01-03 05:00:00,Indiranagar PS,Near Signal,pending,68.84
VID000054,KA28RY4295,PASSENGER AUTO,NO PARKING ZONE,12.892426,77.680317,2024-01-03 06:00:00,Indiranagar PS,Flyover,approved,90.4
VID000055,KA92JM7118,CAR,NO PARKING ZONE,12.918907,77.601453,2024-01-03 07:00:00,HSR Layout PS,Near Signal,rejected,7.83
VID000056,KA57QO2982,MOPED,BLOCKING JUNCTION,12.921285,77.61299,2024-01-03 08:00:00,Bellandur PS,Flyover,approved,71.26
VID000057,KA32HC6539,BUS,BLOCKING JUNCTION,12.941383,77.604199,2024-01-03 09:00:00,Madiwala PS,Main Junction,rejected,34.72
VID000058,KA03SR4770,BUS,BLOCKING JUNCTION,12.948161,77.626418,2024-01-03 10:00:00,Bellandur PS,Near Signal,approved,86.55
VID000059,KA76HA2163,TANKER,FOOTPATH PARKING,13.03395,77.458818,2024-01-03 11:00:00,Koramangala PS,,rejected,29.0
VID000060,KA91UB4750,CAR,BLOCKING JUNCTION,12.930359,77.568655,2024-01-03 12:00:00,Bellandur PS,Flyover,approved,70.24
VID000061,KA09BK2160,BUS,WRONG PARKING,12.957693,77.631857,2024-01-03 13:00:00,Koramangala PS,Main Junction,approved,83.99
VID000062,KA66HI8953,MOPED,DOUBLE PARKING,12.993744,77.629317,2024-01-03 14:00:00,Koramangala PS,Near Signal,approved,8.75
VID000063,KA28RE8744,TANKER,WRONG PARKING,12.936877,77.687887,2024-01-03 15:00:00,Madiwala PS,Flyover,approved,40.79
VID000064,KA32ZP7669,MOPED,WRONG PARKING,13.04241,77.646503,2024-01-03 16:00:00,MG Road PS,,approved,73.61
VID000065,KA25DD8062,TANKER,BLOCKING JUNCTION,12.985114,77.74764,2024-01-03 17:00:00,HSR Layout PS,Flyover,approved,45.94
VID000066,KA46NN8651,CAR,DOUBLE PARKING,12.91763,77.535156,2024-01-03 18:00:00,Bellandur PS,Main Junction,approved,29.05
VID000067,KA94BV2612,PASSENGER AUTO,DOUBLE PARKING,13.014234,77.557745,2024-01-03 19:00:00,Koramangala PS,Underpass,approved,24.78
VID000068,KA08MX6559,LGV,DOUBLE PARKING,12.971359,77.565154,2024-01-03 20:00:00,Bellandur PS,Underpass,rejected,16.84
VID000069,KA14HG4116,GOODS AUTO,FOOTPATH PARKING,12.972925,77.589744,2024-01-03 21:00:00,MG Road PS,Main Junction,approved,82.14
VID000070,KA69OE7912,PASSENGER AUTO,BLOCKING JUNCTION,12.96065,77.700799,2024-01-03 22:00:00,HSR Layout PS,Main Junction,approved,56.78
VID000071,KA24IO5092,VAN,DOUBLE PARKING,12.964313,77.520738,2024-01-03 23:00:00,MG Road PS,Near Signal,approved,11.87
VID000072,KA10OZ2604,MOPED,FOOTPATH PARKING,13.026032,77.6828,2024-01-04 00:00:00,HSR Layout PS,Underpass,approved,39.43
VID000073,KA07UR1241,VAN,NO PARKING ZONE,12.873686,77.571593,2024-01-04 01:00:00,Indiranagar PS,Near Signal,pending,38.1
VID000074,KA12YH3724,PASSENGER AUTO,NO PARKING ZONE,12.926903,77.630557,2024-01-04 02:00:00,HSR Layout PS,Flyover,approved,21.36
VID000075,KA53PP4502,TANKER,FOOTPATH PARKING,12.867366,77.639762,2024-01-04 03:00:00,Madiwala PS,Main Junction,approved,44.2
VID000076,KA52BF7209,GOODS AUTO,FOOTPATH PARKING,13.023247,77.561855,2024-01-04 04:00:00,MG Road PS,Near Signal,pending,34.89
VID000077,KA01MI8454,GOODS AUTO,BLOCKING JUNCTION,12.912629,77.603785,2024-01-04 05:00:00,Koramangala PS,Main Junction,rejected,35.76
VID000078,KA37NW8973,SCOOTER,BLOCKING JUNCTION,13.056409,77.573909,2024-01-04 06:00:00,Indiranagar PS,Near Signal,approved,71.51
VID000079,KA20GJ4566,GOODS AUTO,NO PARKING ZONE,12.971113,77.47074,2024-01-04 07:00:00,Madiwala PS,Flyover,rejected,25.09
VID000080,KA08SX9883,LGV,DOUBLE PARKING,13.034172,77.58115,2024-01-04 08:00:00,Bellandur PS,Flyover,pending,62.77
VID000081,KA08XK1936,GOODS AUTO,NO PARKING ZONE,13.075154,77.479218,2024-01-04 09:00:00,MG Road PS,,approved,56.36
VID000082,KA07SP9238,PASSENGER AUTO,DOUBLE PARKING,13.043151,77.571506,2024-01-04 10:00:00,Koramangala PS,Underpass,approved,56.13
VID000083,KA68FB9320,SCOOTER,DOUBLE PARKING,13.049409,77.627876,2024-01-04 11:00:00,HSR Layout PS,,approved,64.67
VID000084,KA11FC2113,PASSENGER AUTO,BLOCKING JUNCTION,12.943836,77.623824,2024-01-04 12:00:00,Koramangala PS,Underpass,approved,54.35
VID000085,KA87HM2964,PASSENGER AUTO,WRONG PARKING,12.976896,77.648786,2024-01-04 13:00:00,Bellandur PS,Flyover,approved,84.13
VID000086,KA73HS1651,MOTOR CYCLE,WRONG PARKING,12.908394,77.478578,2024-01-04 14:00:00,Indiranagar PS,Near Signal,approved,65.8
VID000087,KA80CN9565,SCOOTER,FOOTPATH PARKING,12.895106,77.645637,2024-01-04 15:00:00,Indiranagar PS,Main Junction,approved,54.23
VID000088,KA41IG6147,PASSENGER AUTO,BLOCKING JUNCTION,12.966267,77.543644,2024-01-04 16:00:00,MG Road PS,Flyover,approved,79.68
VID000089,KA31IM3144,MOTOR CYCLE,DOUBLE PARKING,12.986861,77.569714,2024-01-04 17:00:00,Indiranagar PS,Flyover,approved,59.55
VID000090,KA86UJ8491,MOTOR CYCLE,WRONG PARKING,12.928032,77.707396,2024-01-04 18:00:00,MG Road PS,Near Signal,approved,31.2
VID000091,KA41YC1152,SCOOTER,DOUBLE PARKING,12.980972,77.452709,2024-01-04 19:00:00,MG Road PS,Flyover,approved,23.64
VID000092,KA59TS2638,VAN,WRONG PARKING,13.054116,77.626524,2024-01-04 20:00:00,MG Road PS,Flyover,approved,18.71
VID000093,KA10RG9288,TANKER,WRONG PARKING,12.978046,77.629614,2024-01-04 21:00:00,HSR Layout PS,Near Signal,approved,85.95
VID000094,KA34EL2127,LGV,WRONG PARKING,13.015787,77.568998,2024-01-04 22:00:00,Madiwala PS,Flyover,rejected,68.91
VID000095,KA32LJ3584,TANKER,BLOCKING JUNCTION,13.035222,77.521108,2024-01-04 23:00:00,MG Road PS,Underpass,approved,89.36
VID000096,KA57RW5956,GOODS AUTO,NO PARKING ZONE,13.077408,77.520402,2024-01-05 00:00:00,MG Road PS,Underpass,approved,59.3
VID000097,KA79ZU9666,LGV,DOUBLE PARKING,12.988735,77.715113,2024-01-05 01:00:00,Madiwala PS,Underpass,approved,47.61
VID000098,KA02VR5905,GOODS AUTO,BLOCKING JUNCTION,13.035576,77.582607,2024-01-05 02:00:00,Koramangala PS,Underpass,approved,10.37
VID000099,KA85DE5333,PASSENGER AUTO,BLOCKING JUNCTION,13.071409,77.549267,2024-01-05 03:00:00,MG Road PS,Flyover,approved,65.45
VID000100,KA15DX3546,MOPED,BLOCKING JUNCTION,13.067214,77.584633,2024-01-05 04:00:00,HSR Layout PS,Main Junction,rejected,57.4
VID000101,KA35JT4450,SCOOTER,BLOCKING JUNCTION,12.882449,77.650817,2024-01-05 05:00:00,Indiranagar PS,Underpass,rejected,94.12
VID000102,KA92KG5325,LGV,BLOCKING JUNCTION,12.94347,77.493727,2024-01-05 06:00:00,Indiranagar PS,Underpass,approved,26.52
VID000103,KA65PI1832,LGV,FOOTPATH PARKING,12.924518,77.58483,2024-01-05 07:00:00,Bellandur PS,Flyover,approved,52.77
VID000104,KA12UN5533,PASSENGER AUTO,DOUBLE PARKING,12.869993,77.626365,2024-01-05 08:00:00,Bellandur PS,,pending,63.59
VID000105,KA06AK3143,VAN,BLOCKING JUNCTION,12.995645,77.734575,2024-01-05 09:00:00,Indiranagar PS,Flyover,approved,63.01
VID000106,KA82IF8239,MOTOR CYCLE,DOUBLE PARKING,13.019258,77.525758,2024-01-05 10:00:00,Indiranagar PS,Near Signal,approved,55.52
VID000107,KA71WN1158,PASSENGER AUTO,FOOTPATH PARKING,13.045069,77.557775,2024-01-05 11:00:00,HSR Layout PS,Underpass,rejected,74.92
VID000108,KA15CW3442,BUS,FOOTPATH PARKING,12.878239,77.563808,2024-01-05 12:00:00,Madiwala PS,Near Signal,approved,23.45
VID000109,KA70BL3426,MOTOR CYCLE,DOUBLE PARKING,13.051582,77.631661,2024-01-05 13:00:00,Bellandur PS,Underpass,approved,70.31
VID000110,KA56EB6050,SCOOTER,WRONG PARKING,12.997873,77.55702,2024-01-05 14:00:00,Madiwala PS,,approved,60.78
VID000111,KA47ZB6862,MOTOR CYCLE,NO PARKING ZONE,13.011908,77.610054,2024-01-05 15:00:00,HSR Layout PS,Main Junction,rejected,85.65
VID000112,KA27VH2684,VAN,WRONG PARKING,13.059444,77.684537,2024-01-05 16:00:00,Indiranagar PS,,approved,81.25
VID000113,KA46YR7658,MOTOR CYCLE,WRONG PARKING,12.993695,77.661616,2024-01-05 17:00:00,MG Road PS,Flyover,approved,33.36
VID000114,KA80XE4878,SCOOTER,WRONG PARKING,12.927249,77.583911,2024-01-05 18:00:00,Madiwala PS,Flyover,approved,29.86
VID000115,KA21ZZ3900,VAN,BLOCKING JUNCTION,13.039775,77.709265,2024-01-05 19:00:00,Indiranagar PS,Near Signal,approved,93.35
VID000116,KA53AF6442,TANKER,FOOTPATH PARKING,12.933504,77.617442,2024-01-05 20:00:00,Indiranagar PS,Near Signal,approved,52.45
VID000117,KA53ZV5065,LGV,WRONG PARKING,12.857872,77.611972,2024-01-05 21:00:00,Koramangala PS,Flyover,approved,86.58
VID000118,KA35FZ2771,LGV,FOOTPATH PARKING,13.041051,77.460256,2024-01-05 22:00:00,Madiwala PS,Flyover,approved,19.75
VID000119,KA49BP4644,GOODS AUTO,DOUBLE PARKING,12.929394,77.746008,2024-01-05 23:00:00,MG Road PS,Flyover,approved,62.85
VID000120,KA26OL6000,TANKER,NO PARKING ZONE,13.027982,77.486891,2024-01-06 00:00:00,Madiwala PS,Underpass,rejected,77.89
VID000121,KA30HA4164,TANKER,DOUBLE PARKING,12.933434,77.519339,2024-01-06 01:00:00,Indiranagar PS,,approved,90.27
VID000122,KA52KI2137,MOTOR CYCLE,DOUBLE PARKING,13.048046,77.465509,2024-01-06 02:00:00,MG Road PS,Underpass,pending,35.36
VID000123,KA99IL9346,LGV,BLOCKING JUNCTION,12.900487,77.642001,2024-01-06 03:00:00,HSR Layout PS,Main Junction,approved,70.25
VID000124,KA52VR6425,SCOOTER,NO PARKING ZONE,13.074146,77.51741,2024-01-06 04:00:00,Koramangala PS,Underpass,approved,53.49
VID000125,KA04DI3925,CAR,DOUBLE PARKING,13.029345,77.504003,2024-01-06 05:00:00,Indiranagar PS,Flyover,approved,10.46
VID000126,KA75IB2776,CAR,DOUBLE PARKING,12.876275,77.476567,2024-01-06 06:00:00,Bellandur PS,Underpass,pending,67.1
VID000127,KA77NL6139,VAN,NO PARKING ZONE,12.980129,77.480993,2024-01-06 07:00:00,Bellandur PS,Near Signal,approved,67.11
VID000128,KA56TQ2894,LGV,NO PARKING ZONE,13.076634,77.625401,2024-01-06 08:00:00,Koramangala PS,Flyover,approved,88.75
VID000129,KA50SG5173,LGV,DOUBLE PARKING,12.958345,77.656462,2024-01-06 09:00:00,HSR Layout PS,,approved,49.76
VID000130,KA06WN1027,CAR,NO PARKING ZONE,12.891885,77.569214,2024-01-06 10:00:00,Indiranagar PS,Underpass,approved,25.72
VID000131,KA67ZR4228,LGV,DOUBLE PARKING,12.961499,77.593969,2024-01-06 11:00:00,Madiwala PS,Flyover,approved,9.01
VID000132,KA47NC6409,MOTOR CYCLE,DOUBLE PARKING,12.967865,77.65579,2024-01-06 12:00:00,Koramangala PS,Near Signal,pending,42.41
VID000133,KA80KV3041,BUS,BLOCKING JUNCTION,13.020588,77.455214,2024-01-06 13:00:00,HSR Layout PS,Near Signal,approved,32.17
VID000134,KA93JQ6067,MOPED,WRONG PARKING,13.010735,77.546939,2024-01-06 14:00:00,Madiwala PS,Underpass,rejected,73.5
VID000135,KA86NK7592,TANKER,DOUBLE PARKING,12.942587,77.741929,2024-01-06 15:00:00,Bellandur PS,Flyover,approved,36.88
VID000136,KA90JR3085,GOODS AUTO,FOOTPATH PARKING,12.900145,77.624034,2024-01-06 16:00:00,Bellandur PS,,approved,90.42
VID000137,KA25NV7211,VAN,WRONG PARKING,12.998362,77.526267,2024-01-06 17:00:00,Madiwala PS,Main Junction,approved,91.61
VID000138,KA87XF5930,BUS,WRONG PARKING,12.946992,77.606519,2024-01-06 18:00:00,Koramangala PS,Near Signal,approved,60.88
VID000139,KA52RA5978,CAR,WRONG PARKING,12.880424,77.552796,2024-01-06 19:00:00,Bellandur PS,Main Junction,rejected,88.58
VID000140,KA37GN6279,TANKER,BLOCKING JUNCTION,13.057132,77.609673,2024-01-06 20:00:00,Indiranagar PS,,pending,73.48
VID000141,KA60OO4501,LGV,DOUBLE PARKING,13.008981,77.487722,2024-01-06 21:00:00,MG Road PS,Underpass,approved,54.22
VID000142,KA66PZ3780,GOODS AUTO,BLOCKING JUNCTION,13.007132,77.489814,2024-01-06 22:00:00,Madiwala PS,Near Signal,approved,21.23
VID000143,KA85CJ9445,LGV,DOUBLE PARKING,13.039194,77.493063,2024-01-06 23:00:00,Madiwala PS,Main Junction,approved,46.27
VID000144,KA85UT6491,SCOOTER,BLOCKING JUNCTION,12.971822,77.731946,2024-01-07 00:00:00,Bellandur PS,Near Signal,pending,55.48
VID000145,KA12YH6085,SCOOTER,BLOCKING JUNCTION,13.037463,77.66987,2024-01-07 01:00:00,Koramangala PS,Main Junction,approved,82.76
VID000146,KA29ZG3414,GOODS AUTO,FOOTPATH PARKING,12.964561,77.498715,2024-01-07 02:00:00,Indiranagar PS,Flyover,approved,48.32
VID000147,KA04BH8784,GOODS AUTO,BLOCKING JUNCTION,12.86545,77.506505,2024-01-07 03:00:00,Koramangala PS,Flyover,rejected,85.79
VID000148,KA79YC8461,CAR,NO PARKING ZONE,12.943207,77.669249,2024-01-07 04:00:00,HSR Layout PS,Underpass,approved,65.69
VID000149,KA54US4185,GOODS AUTO,FOOTPATH PARKING,12.964417,77.496849,2024-01-07 05:00:00,HSR Layout PS,,approved,17.33
VID000150,KA92WM9099,MOTOR CYCLE,BLOCKING JUNCTION,13.015647,77.520368,2024-01-07 06:00:00,MG Road PS,Near Signal,approved,94.55
VID000151,KA52HE1090,LGV,WRONG PARKING,12.874513,77.739004,2024-01-07 07:00:00,Bellandur PS,,pending,52.45
VID000152,KA97YD7965,BUS,NO PARKING ZONE,12.882204,77.526592,2024-01-07 08:00:00,Bellandur PS,Main Junction,approved,40.27
VID000153,KA29FZ9486,PASSENGER AUTO,NO PARKING ZONE,12.910647,77.64849,2024-01-07 09:00:00,Bellandur PS,Underpass,approved,64.32
VID000154,KA60BR5082,GOODS AUTO,NO PARKING ZONE,12.911295,77.743589,2024-01-07 10:00:00,MG Road PS,Flyover,approved,14.8
VID000155,KA16OE8612,VAN,FOOTPATH PARKING,13.018402,77.562289,2024-01-07 11:00:00,HSR Layout PS,Flyover,approved,62.29
VID000156,KA86QR6198,SCOOTER,BLOCKING JUNCTION,12.907668,77.455255,2024-01-07 12:00:00,Koramangala PS,Underpass,approved,49.84
VID000157,KA97OT9270,MOTOR CYCLE,BLOCKING JUNCTION,12.995613,77.523244,2024-01-07 13:00:00,MG Road PS,Near Signal,approved,41.6
VID000158,KA55RO3607,TANKER,WRONG PARKING,12.963683,77.699263,2024-01-07 14:00:00,MG Road PS,,approved,90.77
VID000159,KA96PO5246,PASSENGER AUTO,WRONG PARKING,12.981858,77.709383,2024-01-07 15:00:00,Koramangala PS,Main Junction,approved,52.03
VID000160,KA97HU5543,BUS,NO PARKING ZONE,13.042765,77.680556,2024-01-07 16:00:00,Bellandur PS,,approved,24.72
VID000161,KA99YQ8939,PASSENGER AUTO,WRONG PARKING,12.943008,77.483933,2024-01-07 17:00:00,Indiranagar PS,Flyover,approved,46.31
VID000162,KA81HI8206,GOODS AUTO,FOOTPATH PARKING,13.02731,77.688653,2024-01-07 18:00:00,Koramangala PS,Underpass,rejected,87.74
VID000163,KA10WJ4841,CAR,BLOCKING JUNCTION,12.947068,77.725603,2024-01-07 19:00:00,HSR Layout PS,Flyover,approved,20.85
VID000164,KA35KK9849,SCOOTER,NO PARKING ZONE,12.93139,77.630183,2024-01-07 20:00:00,Madiwala PS,Flyover,rejected,24.26
VID000165,KA11EE4788,SCOOTER,WRONG PARKING,13.070484,77.732263,2024-01-07 21:00:00,Madiwala PS,Main Junction,rejected,6.17
VID000166,KA50WE4505,TANKER,FOOTPATH PARKING,12.892405,77.698052,2024-01-07 22:00:00,MG Road PS,Near Signal,approved,6.28
VID000167,KA09NN6421,CAR,FOOTPATH PARKING,12.870778,77.650091,2024-01-07 23:00:00,Madiwala PS,Near Signal,approved,79.65
VID000168,KA70ON2020,LGV,WRONG PARKING,13.027327,77.623156,2024-01-08 00:00:00,Indiranagar PS,Main Junction,approved,70.89
VID000169,KA27NM1320,MOPED,BLOCKING JUNCTION,12.865697,77.554572,2024-01-08 01:00:00,Bellandur PS,Underpass,approved,36.95
VID000170,KA98SM8814,MOTOR CYCLE,WRONG PARKING,13.042528,77.497786,2024-01-08 02:00:00,HSR Layout PS,,approved,67.85
VID000171,KA01LJ7389,SCOOTER,NO PARKING ZONE,12.950554,77.631486,2024-01-08 03:00:00,Indiranagar PS,Underpass,approved,40.57
VID000172,KA54RX9947,VAN,WRONG PARKING,13.060568,77.545433,2024-01-08 04:00:00,HSR Layout PS,,approved,90.76
VID000173,KA78HP4595,SCOOTER,FOOTPATH PARKING,13.015953,77.709932,2024-01-08 05:00:00,HSR Layout PS,Near Signal,rejected,92.03
VID000174,KA35NP1475,PASSENGER AUTO,WRONG PARKING,12.990393,77.748001,2024-01-08 06:00:00,Bellandur PS,Flyover,approved,40.35
VID000175,KA50KV7624,SCOOTER,BLOCKING JUNCTION,13.068341,77.675728,2024-01-08 07:00:00,MG Road PS,Flyover,rejected,81.88
VID000176,KA93FO3091,SCOOTER,DOUBLE PARKING,12.941229,77.477145,2024-01-08 08:00:00,Madiwala PS,Underpass,approved,74.58
VID000177,KA80RA7455,MOPED,WRONG PARKING,13.06944,77.536606,2024-01-08 09:00:00,Bellandur PS,Main Junction,rejected,32.9
VID000178,KA76SV1444,MOPED,BLOCKING JUNCTION,12.88105,77.482733,2024-01-08 10:00:00,Indiranagar PS,,approved,25.88
VID000179,KA11UN3223,BUS,BLOCKING JUNCTION,12.961264,77.645153,2024-01-08 11:00:00,MG Road PS,Flyover,approved,46.24
VID000180,KA60FB5262,LGV,FOOTPATH PARKING,12.91208,77.679557,2024-01-08 12:00:00,Indiranagar PS,Underpass,approved,75.32
VID000181,KA49KG8449,VAN,BLOCKING JUNCTION,12.974164,77.727702,2024-01-08 13:00:00,MG Road PS,Main Junction,approved,91.42
VID000182,KA42KY7211,SCOOTER,BLOCKING JUNCTION,12.887263,77.581452,2024-01-08 14:00:00,Indiranagar PS,Near Signal,approved,73.72
VID000183,KA36YN5133,SCOOTER,BLOCKING JUNCTION,13.043552,77.720413,2024-01-08 15:00:00,Bellandur PS,Main Junction,pending,81.97
VID000184,KA11PA9837,MOTOR CYCLE,BLOCKING JUNCTION,13.044674,77.713367,2024-01-08 16:00:00,MG Road PS,Near Signal,approved,59.28
VID000185,KA07LH2124,MOPED,NO PARKING ZONE,13.069704,77.545159,2024-01-08 17:00:00,MG Road PS,Underpass,approved,80.19
VID000186,KA84BY1508,VAN,NO PARKING ZONE,12.885575,77.71067,2024-01-08 18:00:00,HSR Layout PS,Main Junction,approved,75.6
VID000187,KA32GA3496,TANKER,FOOTPATH PARKING,12.993366,77.562702,2024-01-08 19:00:00,HSR Layout PS,Underpass,rejected,38.93
VID000188,KA31EP2874,BUS,WRONG PARKING,12.959075,77.539061,2024-01-08 20:00:00,Koramangala PS,Near Signal,approved,54.68
VID000189,KA73GO5198,LGV,BLOCKING JUNCTION,12.929208,77.644722,2024-01-08 21:00:00,Indiranagar PS,Flyover,approved,77.43
VID000190,KA99LF2876,CAR,WRONG PARKING,12.930854,77.548514,2024-01-08 22:00:00,HSR Layout PS,Flyover,approved,9.15
VID000191,KA21JD1420,LGV,WRONG PARKING,12.944943,77.639063,2024-01-08 23:00:00,Koramangala PS,Near Signal,approved,77.73
VID000192,KA40SV7149,PASSENGER AUTO,FOOTPATH PARKING,13.012133,77.63295,2024-01-09 00:00:00,HSR Layout PS,,approved,21.01
VID000193,KA51WG2245,SCOOTER,BLOCKING JUNCTION,12.987606,77.619032,2024-01-09 01:00:00,Indiranagar PS,,pending,51.32
VID000194,KA76WU4978,BUS,BLOCKING JUNCTION,12.955727,77.564126,2024-01-09 02:00:00,MG Road PS,Flyover,approved,77.74
VID000195,KA14WY5941,PASSENGER AUTO,DOUBLE PARKING,12.867465,77.61455,2024-01-09 03:00:00,Madiwala PS,Flyover,rejected,27.84
VID000196,KA88TZ2983,VAN,WRONG PARKING,12.867886,77.628946,2024-01-09 04:00:00,Indiranagar PS,Main Junction,approved,27.12
VID000197,KA73ZB6688,CAR,WRONG PARKING,12.850538,77.613706,2024-01-09 05:00:00,Bellandur PS,Main Junction,approved,41.25
VID000198,KA69NV7071,MOPED,NO PARKING ZONE,13.072571,77.583326,2024-01-09 06:00:00,HSR Layout PS,Flyover,rejected,85.52
VID000199,KA09QU6590,BUS,DOUBLE PARKING,12.851208,77.4544,2024-01-09 07:00:00,HSR Layout PS,,approved,5.04
VID000200,KA02NP2729,BUS,NO PARKING ZONE,12.873712,77.626119,2024-01-09 08:00:00,MG Road PS,Main Junction,rejected,86.12
VID000201,KA56LU8532,SCOOTER,NO PARKING ZONE,12.922357,77.500533,2024-01-09 09:00:00,Bellandur PS,Near Signal,approved,18.84
VID000202,KA91EN3885,GOODS AUTO,NO PARKING ZONE,13.035709,77.642773,2024-01-09 10:00:00,MG Road PS,Main Junction,approved,94.11
VID000203,KA94QU5425,BUS,FOOTPATH PARKING,13.071283,77.677803,2024-01-09 11:00:00,Bellandur PS,Main Junction,rejected,90.94
VID000204,KA79ZR8921,MOTOR CYCLE,FOOTPATH PARKING,13.031703,77.600134,2024-01-09 12:00:00,Madiwala PS,Main Junction,approved,49.52
VID000205,KA60NX5397,CAR,NO PARKING ZONE,13.008829,77.612709,2024-01-09 13:00:00,HSR Layout PS,Underpass,approved,51.14
VID000206,KA42HC5569,CAR,DOUBLE PARKING,12.969899,77.735444,2024-01-09 14:00:00,HSR Layout PS,Near Signal,approved,48.34
VID000207,KA58HY8613,MOTOR CYCLE,WRONG PARKING,12.869942,77.70415,2024-01-09 15:00:00,Madiwala PS,Flyover,approved,62.19
VID000208,KA73TV7209,TANKER,DOUBLE PARKING,13.070379,77.724271,2024-01-09 16:00:00,Koramangala PS,,pending,13.16
VID000209,KA44AP6325,MOTOR CYCLE,BLOCKING JUNCTION,13.02443,77.69413,2024-01-09 17:00:00,MG Road PS,,approved,7.94
VID000210,KA24PG6813,MOTOR CYCLE,FOOTPATH PARKING,12.996958,77.482676,2024-01-09 18:00:00,Madiwala PS,Flyover,approved,10.19
VID000211,KA34KI5526,CAR,WRONG PARKING,13.024578,77.494698,2024-01-09 19:00:00,MG Road PS,Underpass,approved,44.99
VID000212,KA72AQ4130,LGV,WRONG PARKING,13.016544,77.607987,2024-01-09 20:00:00,Indiranagar PS,,approved,29.8
VID000213,KA11HX7658,CAR,BLOCKING JUNCTION,12.996563,77.523821,2024-01-09 21:00:00,HSR Layout PS,Main Junction,approved,60.98
VID000214,KA63RY4937,GOODS AUTO,BLOCKING JUNCTION,13.075533,77.593009,2024-01-09 22:00:00,MG Road PS,,approved,94.32
VID000215,KA89PU9041,SCOOTER,NO PARKING ZONE,13.057774,77.56831,2024-01-09 23:00:00,Bellandur PS,Near Signal,rejected,39.77
VID000216,KA58ZA2524,PASSENGER AUTO,FOOTPATH PARKING,12.998733,77.614824,2024-01-10 00:00:00,MG Road PS,Near Signal,approved,56.65
VID000217,KA38HM4986,LGV,FOOTPATH PARKING,13.00943,77.674063,2024-01-10 01:00:00,Indiranagar PS,Flyover,approved,42.4
VID000218,KA40VS7046,MOPED,DOUBLE PARKING,12.861867,77.664647,2024-01-10 02:00:00,HSR Layout PS,Underpass,approved,81.25
VID000219,KA61RQ6632,PASSENGER AUTO,NO PARKING ZONE,13.004081,77.60637,2024-01-10 03:00:00,Madiwala PS,Underpass,approved,86.2
VID000220,KA55XR6419,SCOOTER,NO PARKING ZONE,12.860158,77.696718,2024-01-10 04:00:00,Indiranagar PS,,approved,83.96
VID000221,KA46WO5438,GOODS AUTO,NO PARKING ZONE,12.985301,77.579259,2024-01-10 05:00:00,HSR Layout PS,Underpass,approved,92.69
VID000222,KA40IH2976,GOODS AUTO,NO PARKING ZONE,13.079851,77.719014,2024-01-10 06:00:00,MG Road PS,Underpass,approved,7.48
VID000223,KA93GK2958,MOPED,FOOTPATH PARKING,12.977836,77.471384,2024-01-10 07:00:00,Koramangala PS,,approved,80.58
VID000224,KA96RY4033,LGV,FOOTPATH PARKING,12.958838,77.736398,2024-01-10 08:00:00,Koramangala PS,Near Signal,approved,72.66
VID000225,KA25GX8933,TANKER,NO PARKING ZONE,12.921957,77.646408,2024-01-10 09:00:00,Bellandur PS,Main Junction,rejected,25.58
VID000226,KA36XS9595,MOTOR CYCLE,DOUBLE PARKING,12.87772,77.564022,2024-01-10 10:00:00,HSR Layout PS,Flyover,pending,91.07
VID000227,KA77JD4180,LGV,WRONG PARKING,13.018135,77.509146,2024-01-10 11:00:00,Koramangala PS,Near Signal,rejected,18.34
VID000228,KA38HL3939,TANKER,WRONG PARKING,12.894298,77.593755,2024-01-10 12:00:00,Madiwala PS,Underpass,approved,66.16
VID000229,KA39AW9751,GOODS AUTO,DOUBLE PARKING,12.876515,77.508367,2024-01-10 13:00:00,HSR Layout PS,Underpass,approved,25.24
VID000230,KA17IB1893,CAR,NO PARKING ZONE,12.947005,77.499899,2024-01-10 14:00:00,Madiwala PS,,approved,43.82
VID000231,KA71JW3068,SCOOTER,FOOTPATH PARKING,13.032929,77.635206,2024-01-10 15:00:00,Madiwala PS,Flyover,approved,69.72
VID000232,KA82YP2680,MOPED,WRONG PARKING,13.021365,77.606925,2024-01-10 16:00:00,Koramangala PS,Main Junction,approved,55.7
VID000233,KA02SJ8690,SCOOTER,BLOCKING JUNCTION,12.862623,77.651029,2024-01-10 17:00:00,HSR Layout PS,,pending,43.48
VID000234,KA62OK4020,VAN,BLOCKING JUNCTION,12.954683,77.728882,2024-01-10 18:00:00,MG Road PS,,rejected,34.37
VID000235,KA07IP2869,VAN,DOUBLE PARKING,12.97016,77.609678,2024-01-10 19:00:00,Indiranagar PS,Main Junction,approved,80.57
VID000236,KA09MP2213,LGV,NO PARKING ZONE,12.998246,77.62428,2024-01-10 20:00:00,Koramangala PS,Main Junction,approved,17.94
VID000237,KA74UV1878,GOODS AUTO,WRONG PARKING,12.999538,77.476888,2024-01-10 21:00:00,Koramangala PS,Underpass,rejected,43.71
VID000238,KA20EZ5978,GOODS AUTO,NO PARKING ZONE,12.93388,77.665291,2024-01-10 22:00:00,MG Road PS,,approved,86.34
VID000239,KA11HD7818,MOTOR CYCLE,WRONG PARKING,12.978956,77.569972,2024-01-10 23:00:00,HSR Layout PS,Near Signal,approved,81.13
VID000240,KA78TZ4697,MOTOR CYCLE,DOUBLE PARKING,12.960644,77.743018,2024-01-11 00:00:00,HSR Layout PS,Near Signal,rejected,41.08
VID000241,KA67MO8253,MOTOR CYCLE,DOUBLE PARKING,13.05355,77.696952,2024-01-11 01:00:00,Madiwala PS,,approved,73.68
VID000242,KA39SN6003,CAR,BLOCKING JUNCTION,12.971961,77.606744,2024-01-11 02:00:00,MG Road PS,Main Junction,approved,79.08
VID000243,KA73TB2625,PASSENGER AUTO,NO PARKING ZONE,12.951437,77.486967,2024-01-11 03:00:00,MG Road PS,Flyover,approved,85.0
VID000244,KA98GU4457,BUS,BLOCKING JUNCTION,12.943032,77.707825,2024-01-11 04:00:00,HSR Layout PS,Main Junction,rejected,54.01
VID000245,KA34VC3573,PASSENGER AUTO,NO PARKING ZONE,12.981658,77.689934,2024-01-11 05:00:00,Madiwala PS,Main Junction,approved,23.4
VID000246,KA31FR2229,SCOOTER,BLOCKING JUNCTION,13.034915,77.505376,2024-01-11 06:00:00,Koramangala PS,Flyover,approved,27.98
VID000247,KA21AN8381,PASSENGER AUTO,FOOTPATH PARKING,12.973832,77.538583,2024-01-11 07:00:00,Bellandur PS,Main Junction,approved,31.61
VID000248,KA89TP5771,CAR,FOOTPATH PARKING,13.002181,77.688022,2024-01-11 08:00:00,Indiranagar PS,Flyover,approved,58.44
VID000249,KA05HJ5632,SCOOTER,FOOTPATH PARKING,13.019707,77.505569,2024-01-11 09:00:00,Koramangala PS,,approved,7.95
VID000250,KA90OC4824,PASSENGER AUTO,FOOTPATH PARKING,12.969639,77.725326,2024-01-11 10:00:00,HSR Layout PS,Flyover,rejected,62.24
VID000251,KA34ZZ4241,CAR,WRONG PARKING,12.948168,77.577358,2024-01-11 11:00:00,Indiranagar PS,Near Signal,approved,37.79
VID000252,KA55DR4683,BUS,FOOTPATH PARKING,13.051633,77.476112,2024-01-11 12:00:00,Bellandur PS,Flyover,rejected,31.57
VID000253,KA83EI3330,PASSENGER AUTO,DOUBLE PARKING,12.946026,77.694725,2024-01-11 13:00:00,Bellandur PS,Main Junction,approved,84.15
VID000254,KA10BF6039,CAR,DOUBLE PARKING,12.956247,77.562053,2024-01-11 14:00:00,Madiwala PS,,approved,46.4
VID000255,KA77XS5728,MOTOR CYCLE,WRONG PARKING,13.077779,77.60795,2024-01-11 15:00:00,Indiranagar PS,Flyover,approved,13.55
VID000256,KA57DO5982,GOODS AUTO,FOOTPATH PARKING,12.850055,77.483691,2024-01-11 16:00:00,Madiwala PS,Main Junction,approved,79.41
VID000257,KA90MI9199,MOTOR CYCLE,FOOTPATH PARKING,12.892659,77.450775,2024-01-11 17:00:00,Koramangala PS,Flyover,approved,9.29
VID000258,KA70PO2317,GOODS AUTO,FOOTPATH PARKING,12.938312,77.641396,2024-01-11 18:00:00,MG Road PS,,approved,70.41
VID000259,KA77BN6280,MOPED,BLOCKING JUNCTION,13.064496,77.604553,2024-01-11 19:00:00,MG Road PS,,approved,74.65
VID000260,KA78IA2496,MOPED,NO PARKING ZONE,12.866107,77.628062,2024-01-11 20:00:00,MG Road PS,Near Signal,approved,36.73
VID000261,KA30VS1339,MOPED,BLOCKING JUNCTION,12.852182,77.688123,2024-01-11 21:00:00,Indiranagar PS,,approved,79.23
VID000262,KA98VI1659,BUS,NO PARKING ZONE,12.862117,77.643982,2024-01-11 22:00:00,MG Road PS,Main Junction,rejected,51.41
VID000263,KA98YF8708,MOTOR CYCLE,FOOTPATH PARKING,12.870365,77.502432,2024-01-11 23:00:00,Koramangala PS,,pending,46.7
VID000264,KA67UO5557,GOODS AUTO,FOOTPATH PARKING,12.858647,77.558232,2024-01-12 00:00:00,Madiwala PS,,approved,9.09
VID000265,KA24SN9056,CAR,BLOCKING JUNCTION,12.96035,77.721767,2024-01-12 01:00:00,Indiranagar PS,Main Junction,approved,31.1
VID000266,KA12PL7690,SCOOTER,BLOCKING JUNCTION,12.983574,77.680983,2024-01-12 02:00:00,Madiwala PS,Main Junction,approved,88.79
VID000267,KA43KV2713,CAR,NO PARKING ZONE,12.912488,77.616991,2024-01-12 03:00:00,Indiranagar PS,,approved,40.26
VID000268,KA21KN9117,SCOOTER,DOUBLE PARKING,12.941606,77.526693,2024-01-12 04:00:00,Madiwala PS,,approved,54.2
VID000269,KA37VM1601,VAN,NO PARKING ZONE,12.871091,77.540618,2024-01-12 05:00:00,Bellandur PS,Flyover,rejected,52.88
VID000270,KA59CK5135,CAR,BLOCKING JUNCTION,12.927365,77.669587,2024-01-12 06:00:00,Madiwala PS,,approved,58.14
VID000271,KA42DY7622,PASSENGER AUTO,BLOCKING JUNCTION,12.970179,77.705352,2024-01-12 07:00:00,MG Road PS,Near Signal,approved,10.52
VID000272,KA66AV9889,PASSENGER AUTO,WRONG PARKING,13.018423,77.651427,2024-01-12 08:00:00,Bellandur PS,Near Signal,rejected,37.6
VID000273,KA60NB4073,LGV,BLOCKING JUNCTION,12.85077,77.692859,2024-01-12 09:00:00,Madiwala PS,Near Signal,approved,70.08
VID000274,KA67LT9167,MOTOR CYCLE,WRONG PARKING,12.957481,77.679997,2024-01-12 10:00:00,Indiranagar PS,Near Signal,rejected,23.05
VID000275,KA81OY1845,SCOOTER,DOUBLE PARKING,12.918311,77.494911,2024-01-12 11:00:00,Indiranagar PS,,approved,23.32
VID000276,KA27IR3146,SCOOTER,NO PARKING ZONE,13.046149,77.577183,2024-01-12 12:00:00,Indiranagar PS,Flyover,approved,5.91
VID000277,KA37OW8941,MOTOR CYCLE,NO PARKING ZONE,13.014577,77.495895,2024-01-12 13:00:00,HSR Layout PS,Main Junction,approved,44.37
VID000278,KA16AU4920,BUS,WRONG PARKING,12.985495,77.520571,2024-01-12 14:00:00,Koramangala PS,,approved,84.45
VID000279,KA91FJ1224,LGV,NO PARKING ZONE,12.913771,77.710778,2024-01-12 15:00:00,Indiranagar PS,Underpass,pending,9.67
VID000280,KA71NC4681,BUS,BLOCKING JUNCTION,13.059378,77.591868,2024-01-12 16:00:00,Bellandur PS,,approved,22.2
VID000281,KA15OD3522,BUS,FOOTPATH PARKING,12.860373,77.610607,2024-01-12 17:00:00,Indiranagar PS,Near Signal,pending,32.91
VID000282,KA64WJ9337,BUS,WRONG PARKING,12.875178,77.503534,2024-01-12 18:00:00,HSR Layout PS,Underpass,approved,70.86
VID000283,KA91IN8905,MOTOR CYCLE,NO PARKING ZONE,12.940075,77.543682,2024-01-12 19:00:00,MG Road PS,,approved,62.66
VID000284,KA61HO3369,BUS,WRONG PARKING,12.878621,77.519074,2024-01-12 20:00:00,Bellandur PS,Flyover,approved,42.43
VID000285,KA50GT9327,PASSENGER AUTO,WRONG PARKING,13.069976,77.511856,2024-01-12 21:00:00,HSR Layout PS,Flyover,approved,73.32
VID000286,KA96EC5526,MOPED,FOOTPATH PARKING,13.033538,77.641388,2024-01-12 22:00:00,MG Road PS,Underpass,pending,59.87
VID000287,KA99ZN6568,VAN,BLOCKING JUNCTION,12.909566,77.527065,2024-01-12 23:00:00,Bellandur PS,Main Junction,approved,85.64
VID000288,KA65IA5634,SCOOTER,WRONG PARKING,12.985367,77.639605,2024-01-13 00:00:00,Madiwala PS,Underpass,approved,78.62
VID000289,KA93JS9022,SCOOTER,NO PARKING ZONE,13.075936,77.467536,2024-01-13 01:00:00,Koramangala PS,Flyover,approved,27.75
VID000290,KA20OR8935,VAN,DOUBLE PARKING,13.053366,77.492532,2024-01-13 02:00:00,Koramangala PS,Underpass,approved,29.43
VID000291,KA45KR9903,MOTOR CYCLE,WRONG PARKING,12.988184,77.532362,2024-01-13 03:00:00,HSR Layout PS,Near Signal,approved,16.28
VID000292,KA49OK4090,CAR,WRONG PARKING,13.057857,77.629114,2024-01-13 04:00:00,MG Road PS,Near Signal,approved,35.33
VID000293,KA90HS7274,MOTOR CYCLE,FOOTPATH PARKING,13.077513,77.652752,2024-01-13 05:00:00,Koramangala PS,Main Junction,rejected,94.96
VID000294,KA30YN1715,SCOOTER,BLOCKING JUNCTION,13.020971,77.582815,2024-01-13 06:00:00,MG Road PS,Underpass,approved,41.52
VID000295,KA41XP7246,SCOOTER,DOUBLE PARKING,12.864947,77.583737,2024-01-13 07:00:00,MG Road PS,Underpass,approved,24.84
VID000296,KA50VZ3492,VAN,NO PARKING ZONE,12.942363,77.667355,2024-01-13 08:00:00,HSR Layout PS,Underpass,approved,73.62
VID000297,KA64BE9229,BUS,DOUBLE PARKING,13.0427,77.454746,2024-01-13 09:00:00,HSR Layout PS,Underpass,approved,53.82
VID000298,KA76KD8213,MOTOR CYCLE,NO PARKING ZONE,12.903031,77.552327,2024-01-13 10:00:00,HSR Layout PS,Main Junction,pending,18.46
VID000299,KA13QO1251,GOODS AUTO,BLOCKING JUNCTION,13.041048,77.695612,2024-01-13 11:00:00,Koramangala PS,Flyover,approved,39.26
VID000300,KA93EN3529,VAN,NO PARKING ZONE,12.877678,77.630966,2024-01-13 12:00:00,HSR Layout PS,,approved,42.3
VID000301,KA10PZ5342,PASSENGER AUTO,FOOTPATH PARKING,12.860797,77.551168,2024-01-13 13:00:00,Koramangala PS,Main Junction,approved,72.84
VID000302,KA44TW7512,SCOOTER,FOOTPATH PARKING,12.938341,77.721657,2024-01-13 14:00:00,HSR Layout PS,Flyover,approved,6.86
VID000303,KA84CK9742,VAN,FOOTPATH PARKING,12.858448,77.681787,2024-01-13 15:00:00,Indiranagar PS,Flyover,approved,29.21
VID000304,KA49KU8994,MOTOR CYCLE,FOOTPATH PARKING,13.070172,77.529469,2024-01-13 16:00:00,MG Road PS,Flyover,pending,51.58
VID000305,KA70BT2121,SCOOTER,DOUBLE PARKING,13.040027,77.643587,2024-01-13 17:00:00,HSR Layout PS,Underpass,rejected,29.2
VID000306,KA31UV5708,CAR,BLOCKING JUNCTION,13.034177,77.628725,2024-01-13 18:00:00,Bellandur PS,Main Junction,pending,61.56
VID000307,KA30XC8110,VAN,NO PARKING ZONE,12.994849,77.570356,2024-01-13 19:00:00,MG Road PS,Flyover,approved,48.37
VID000308,KA13YU2646,LGV,NO PARKING ZONE,12.899755,77.560087,2024-01-13 20:00:00,MG Road PS,,approved,37.55
VID000309,KA57FW5906,SCOOTER,FOOTPATH PARKING,12.9692,77.553068,2024-01-13 21:00:00,HSR Layout PS,,approved,90.43
VID000310,KA04BK1919,MOTOR CYCLE,FOOTPATH PARKING,12.987373,77.635147,2024-01-13 22:00:00,Madiwala PS,Near Signal,approved,61.89
VID000311,KA38LL8056,MOPED,WRONG PARKING,12.970757,77.582723,2024-01-13 23:00:00,HSR Layout PS,Flyover,rejected,16.69
VID000312,KA19HQ7751,GOODS AUTO,BLOCKING JUNCTION,12.909854,77.699559,2024-01-14 00:00:00,MG Road PS,Main Junction,approved,55.41
VID000313,KA73VZ3950,TANKER,DOUBLE PARKING,12.968507,77.650881,2024-01-14 01:00:00,Bellandur PS,Underpass,rejected,75.27
VID000314,KA22FC7267,BUS,NO PARKING ZONE,12.962973,77.470979,2024-01-14 02:00:00,MG Road PS,Near Signal,approved,68.76
VID000315,KA80VH9153,TANKER,WRONG PARKING,13.079157,77.64205,2024-01-14 03:00:00,Bellandur PS,Flyover,approved,20.49
VID000316,KA75EH8555,MOTOR CYCLE,WRONG PARKING,13.05641,77.531344,2024-01-14 04:00:00,Koramangala PS,Underpass,approved,92.52
VID000317,KA82IO5183,PASSENGER AUTO,NO PARKING ZONE,12.956578,77.627844,2024-01-14 05:00:00,Indiranagar PS,Main Junction,approved,45.39
VID000318,KA86AZ8622,PASSENGER AUTO,DOUBLE PARKING,12.993276,77.65404,2024-01-14 06:00:00,MG Road PS,Main Junction,approved,19.31
VID000319,KA37VR3588,MOPED,WRONG PARKING,13.02201,77.519249,2024-01-14 07:00:00,HSR Layout PS,Near Signal,rejected,21.22
VID000320,KA10OL5901,BUS,WRONG PARKING,12.858019,77.587058,2024-01-14 08:00:00,Koramangala PS,Near Signal,approved,13.84
VID000321,KA82NW5097,LGV,BLOCKING JUNCTION,13.055832,77.507097,2024-01-14 09:00:00,Indiranagar PS,Flyover,approved,77.32
VID000322,KA59JG7302,MOPED,DOUBLE PARKING,13.047829,77.465702,2024-01-14 10:00:00,HSR Layout PS,Underpass,approved,15.98
VID000323,KA62DH7248,TANKER,WRONG PARKING,12.955209,77.563543,2024-01-14 11:00:00,Madiwala PS,,pending,16.26
VID000324,KA74LS5847,MOPED,DOUBLE PARKING,12.939969,77.558883,2024-01-14 12:00:00,HSR Layout PS,Underpass,approved,81.54
VID000325,KA90JA7484,TANKER,NO PARKING ZONE,12.912781,77.748644,2024-01-14 13:00:00,Bellandur PS,Main Junction,rejected,36.01
VID000326,KA36AS1803,SCOOTER,FOOTPATH PARKING,12.959636,77.583906,2024-01-14 14:00:00,Bellandur PS,Main Junction,approved,7.78
VID000327,KA78XP5689,PASSENGER AUTO,WRONG PARKING,12.860207,77.550071,2024-01-14 15:00:00,Madiwala PS,Flyover,rejected,9.67
VID000328,KA30TZ6772,SCOOTER,BLOCKING JUNCTION,13.046005,77.624143,2024-01-14 16:00:00,Koramangala PS,,approved,17.8
VID000329,KA29UG5106,GOODS AUTO,NO PARKING ZONE,12.858147,77.47663,2024-01-14 17:00:00,Indiranagar PS,Flyover,approved,24.21
VID000330,KA87YX3240,BUS,DOUBLE PARKING,12.925682,77.7385,2024-01-14 18:00:00,HSR Layout PS,Main Junction,approved,64.86
VID000331,KA81DU1645,LGV,NO PARKING ZONE,13.064266,77.640488,2024-01-14 19:00:00,Bellandur PS,Main Junction,rejected,19.16
VID000332,KA40ZO1546,TANKER,WRONG PARKING,13.019099,77.676451,2024-01-14 20:00:00,Koramangala PS,Underpass,approved,15.7
VID000333,KA75LX3153,LGV,DOUBLE PARKING,12.91472,77.501143,2024-01-14 21:00:00,Madiwala PS,,approved,73.82
VID000334,KA12JK7807,TANKER,FOOTPATH PARKING,12.908109,77.572843,2024-01-14 22:00:00,MG Road PS,Underpass,approved,65.39
VID000335,KA23GE9837,MOTOR CYCLE,NO PARKING ZONE,12.851169,77.576807,2024-01-14 23:00:00,Bellandur PS,Underpass,rejected,44.18
VID000336,KA47QQ5465,MOPED,WRONG PARKING,13.010014,77.696542,2024-01-15 00:00:00,Madiwala PS,Flyover,approved,54.44
VID000337,KA22IP5835,GOODS AUTO,BLOCKING JUNCTION,12.86122,77.450371,2024-01-15 01:00:00,HSR Layout PS,Underpass,pending,33.08
VID000338,KA96KZ2886,PASSENGER AUTO,DOUBLE PARKING,12.972499,77.540256,2024-01-15 02:00:00,Indiranagar PS,Near Signal,approved,48.43
VID000339,KA60CE4696,TANKER,NO PARKING ZONE,13.071288,77.744371,2024-01-15 03:00:00,Bellandur PS,Near Signal,approved,50.6
VID000340,KA87XV7511,LGV,NO PARKING ZONE,12.875178,77.592466,2024-01-15 04:00:00,Bellandur PS,Underpass,approved,39.85
VID000341,KA72LC7464,GOODS AUTO,FOOTPATH PARKING,13.05573,77.564758,2024-01-15 05:00:00,HSR Layout PS,,approved,86.59
VID000342,KA02IR3024,CAR,FOOTPATH PARKING,13.078039,77.485949,2024-01-15 06:00:00,MG Road PS,Underpass,approved,6.45
VID000343,KA59LV5295,CAR,BLOCKING JUNCTION,12.864149,77.742249,2024-01-15 07:00:00,Koramangala PS,Main Junction,approved,75.4
VID000344,KA75MU7086,SCOOTER,BLOCKING JUNCTION,13.053068,77.456008,2024-01-15 08:00:00,Indiranagar PS,Main Junction,approved,16.19
VID000345,KA14VH8724,PASSENGER AUTO,WRONG PARKING,12.968698,77.671154,2024-01-15 09:00:00,Bellandur PS,,approved,76.78
VID000346,KA04TR6374,MOTOR CYCLE,WRONG PARKING,13.058498,77.68058,2024-01-15 10:00:00,Indiranagar PS,Flyover,approved,60.43
VID000347,KA79HU2035,LGV,BLOCKING JUNCTION,12.981403,77.523097,2024-01-15 11:00:00,Bellandur PS,Near Signal,approved,80.9
VID000348,KA82OW5951,MOPED,BLOCKING JUNCTION,13.002286,77.651468,2024-01-15 12:00:00,Indiranagar PS,Near Signal,approved,13.78
VID000349,KA84ND3290,MOPED,DOUBLE PARKING,12.975069,77.477879,2024-01-15 13:00:00,Madiwala PS,Flyover,approved,55.31
VID000350,KA06BJ9071,LGV,FOOTPATH PARKING,13.048833,77.527114,2024-01-15 14:00:00,Bellandur PS,Underpass,pending,50.1
VID000351,KA15DH9807,BUS,WRONG PARKING,13.018799,77.686371,2024-01-15 15:00:00,Indiranagar PS,,pending,68.56
VID000352,KA18MO7078,MOTOR CYCLE,FOOTPATH PARKING,12.96989,77.709406,2024-01-15 16:00:00,Koramangala PS,Underpass,approved,53.09
VID000353,KA86XW9850,GOODS AUTO,FOOTPATH PARKING,13.049677,77.632546,2024-01-15 17:00:00,Madiwala PS,Flyover,approved,53.67
VID000354,KA54SX3531,TANKER,BLOCKING JUNCTION,12.906416,77.602052,2024-01-15 18:00:00,Madiwala PS,,rejected,43.66
VID000355,KA54UD9017,BUS,DOUBLE PARKING,12.886188,77.497791,2024-01-15 19:00:00,Koramangala PS,Near Signal,approved,32.8
VID000356,KA79NI1536,TANKER,NO PARKING ZONE,12.886892,77.468933,2024-01-15 20:00:00,Indiranagar PS,Near Signal,approved,48.4
VID000357,KA89LG8264,TANKER,DOUBLE PARKING,12.926822,77.485295,2024-01-15 21:00:00,HSR Layout PS,Underpass,approved,15.66
VID000358,KA57HL2627,BUS,DOUBLE PARKING,12.904899,77.518207,2024-01-15 22:00:00,Koramangala PS,Main Junction,approved,91.54
VID000359,KA88LR6876,SCOOTER,FOOTPATH PARKING,13.063921,77.552502,2024-01-15 23:00:00,Indiranagar PS,Flyover,approved,69.3
VID000360,KA08MI4109,CAR,DOUBLE PARKING,12.874342,77.564273,2024-01-16 00:00:00,Koramangala PS,Flyover,approved,90.72
VID000361,KA16OC4475,TANKER,WRONG PARKING,13.010768,77.553897,2024-01-16 01:00:00,Koramangala PS,Underpass,approved,25.41
VID000362,KA83UT1349,BUS,FOOTPATH PARKING,12.893521,77.521717,2024-01-16 02:00:00,Bellandur PS,Flyover,pending,84.14
VID000363,KA07ZK4990,BUS,WRONG PARKING,13.052777,77.602917,2024-01-16 03:00:00,Indiranagar PS,Near Signal,approved,77.79
VID000364,KA17ZS4362,VAN,NO PARKING ZONE,13.071103,77.697586,2024-01-16 04:00:00,HSR Layout PS,Underpass,approved,65.94
VID000365,KA09YR4394,SCOOTER,FOOTPATH PARKING,12.957058,77.533911,2024-01-16 05:00:00,Bellandur PS,Near Signal,rejected,61.25
VID000366,KA76GH6383,PASSENGER AUTO,NO PARKING ZONE,13.052186,77.732716,2024-01-16 06:00:00,Koramangala PS,,approved,33.49
VID000367,KA19ZT1046,VAN,FOOTPATH PARKING,12.851183,77.712001,2024-01-16 07:00:00,MG Road PS,,approved,78.48
VID000368,KA36EE9850,VAN,BLOCKING JUNCTION,13.038588,77.498529,2024-01-16 08:00:00,Koramangala PS,Main Junction,approved,50.14
VID000369,KA33ZF2801,LGV,DOUBLE PARKING,12.902584,77.685883,2024-01-16 09:00:00,Koramangala PS,Flyover,approved,11.38
VID000370,KA85AE1243,CAR,BLOCKING JUNCTION,13.059001,77.622376,2024-01-16 10:00:00,Indiranagar PS,,rejected,33.16
VID000371,KA46ZZ4898,BUS,NO PARKING ZONE,12.850258,77.619973,2024-01-16 11:00:00,Indiranagar PS,Flyover,approved,89.18
VID000372,KA76KA3854,CAR,DOUBLE PARKING,12.977922,77.567313,2024-01-16 12:00:00,Bellandur PS,Near Signal,pending,81.56
VID000373,KA34BE7897,MOTOR CYCLE,FOOTPATH PARKING,13.024026,77.600346,2024-01-16 13:00:00,HSR Layout PS,Underpass,approved,93.37
VID000374,KA68DX2041,LGV,DOUBLE PARKING,12.909498,77.569154,2024-01-16 14:00:00,Bellandur PS,,approved,61.52
VID000375,KA61OY6931,PASSENGER AUTO,WRONG PARKING,12.894421,77.61192,2024-01-16 15:00:00,Madiwala PS,Underpass,approved,27.28
VID000376,KA66SD8405,CAR,DOUBLE PARKING,12.869343,77.638385,2024-01-16 16:00:00,Koramangala PS,,approved,19.65
VID000377,KA65HT1710,MOPED,WRONG PARKING,12.92508,77.652291,2024-01-16 17:00:00,MG Road PS,Flyover,approved,21.82
VID000378,KA94ZV9543,TANKER,DOUBLE PARKING,12.978764,77.609744,2024-01-16 18:00:00,Koramangala PS,,approved,6.78
VID000379,KA39OU1510,MOTOR CYCLE,WRONG PARKING,12.876644,77.666427,2024-01-16 19:00:00,Koramangala PS,,approved,40.16
VID000380,KA08PM7984,SCOOTER,NO PARKING ZONE,12.93664,77.492383,2024-01-16 20:00:00,Bellandur PS,Near Signal,approved,22.23
VID000381,KA88DP8267,PASSENGER AUTO,BLOCKING JUNCTION,12.852087,77.513595,2024-01-16 21:00:00,MG Road PS,Main Junction,pending,42.05
VID000382,KA10CK3430,MOTOR CYCLE,FOOTPATH PARKING,13.038296,77.695621,2024-01-16 22:00:00,MG Road PS,Near Signal,approved,89.15
VID000383,KA09EI9984,TANKER,DOUBLE PARKING,12.879543,77.546758,2024-01-16 23:00:00,MG Road PS,Underpass,approved,43.75
VID000384,KA92KM9692,LGV,BLOCKING JUNCTION,12.915169,77.456868,2024-01-17 00:00:00,Bellandur PS,Flyover,rejected,84.02
VID000385,KA38OQ8048,TANKER,FOOTPATH PARKING,12.854238,77.496137,2024-01-17 01:00:00,Koramangala PS,Flyover,pending,59.5
VID000386,KA13ZW2874,VAN,FOOTPATH PARKING,12.949415,77.517084,2024-01-17 02:00:00,Bellandur PS,,approved,27.24
VID000387,KA84UY4522,TANKER,WRONG PARKING,13.043228,77.737197,2024-01-17 03:00:00,Indiranagar PS,Flyover,rejected,37.03
VID000388,KA56OH7779,VAN,NO PARKING ZONE,12.940195,77.621912,2024-01-17 04:00:00,Indiranagar PS,Main Junction,approved,12.55
VID000389,KA44OM7815,LGV,NO PARKING ZONE,12.891284,77.729819,2024-01-17 05:00:00,Bellandur PS,Main Junction,approved,35.01
VID000390,KA94DK7992,GOODS AUTO,BLOCKING JUNCTION,13.023351,77.622549,2024-01-17 06:00:00,MG Road PS,,approved,65.98
VID000391,KA41VI7132,VAN,NO PARKING ZONE,13.031426,77.593806,2024-01-17 07:00:00,Koramangala PS,,rejected,11.49
VID000392,KA20VP2099,SCOOTER,DOUBLE PARKING,12.889963,77.544118,2024-01-17 08:00:00,Bellandur PS,Underpass,approved,23.49
VID000393,KA12CC8075,TANKER,NO PARKING ZONE,13.027296,77.631911,2024-01-17 09:00:00,Bellandur PS,,approved,39.33
VID000394,KA13XX7105,TANKER,BLOCKING JUNCTION,13.067879,77.491759,2024-01-17 10:00:00,Bellandur PS,Near Signal,approved,93.38
VID000395,KA17RB6400,SCOOTER,NO PARKING ZONE,12.888267,77.719478,2024-01-17 11:00:00,Madiwala PS,Near Signal,rejected,75.64
VID000396,KA86DN6793,MOPED,DOUBLE PARKING,13.027326,77.6988,2024-01-17 12:00:00,Indiranagar PS,Near Signal,pending,71.01
VID000397,KA86YN1842,BUS,WRONG PARKING,13.012972,77.545259,2024-01-17 13:00:00,MG Road PS,Main Junction,approved,15.46
VID000398,KA37TJ6761,GOODS AUTO,BLOCKING JUNCTION,12.958922,77.735839,2024-01-17 14:00:00,HSR Layout PS,Flyover,pending,75.29
VID000399,KA14SQ4485,PASSENGER AUTO,WRONG PARKING,12.863322,77.69756,2024-01-17 15:00:00,MG Road PS,Underpass,approved,75.67
VID000400,KA20VP4674,VAN,WRONG PARKING,12.86718,77.649892,2024-01-17 16:00:00,HSR Layout PS,,approved,59.1
VID000401,KA14LR7022,SCOOTER,WRONG PARKING,13.046055,77.486529,2024-01-17 17:00:00,Madiwala PS,Underpass,approved,94.13
VID000402,KA15YI4705,LGV,FOOTPATH PARKING,13.077734,77.59347,2024-01-17 18:00:00,Bellandur PS,Main Junction,approved,34.27
VID000403,KA55RY1430,VAN,FOOTPATH PARKING,13.005492,77.601832,2024-01-17 19:00:00,Madiwala PS,,approved,89.71
VID000404,KA78VW5381,BUS,WRONG PARKING,12.95257,77.519765,2024-01-17 20:00:00,Madiwala PS,,approved,87.33
VID000405,KA04FI6062,LGV,BLOCKING JUNCTION,12.998942,77.47399,2024-01-17 21:00:00,Koramangala PS,Main Junction,approved,6.03
VID000406,KA44LA3972,MOTOR CYCLE,DOUBLE PARKING,12.986711,77.683017,2024-01-17 22:00:00,Indiranagar PS,Flyover,pending,45.51
VID000407,KA19SV7566,TANKER,DOUBLE PARKING,12.938231,77.486611,2024-01-17 23:00:00,HSR Layout PS,,rejected,92.94
VID000408,KA09EX1502,MOTOR CYCLE,NO PARKING ZONE,12.865094,77.628287,2024-01-18 00:00:00,Bellandur PS,Flyover,rejected,14.28
VID000409,KA12XQ4524,VAN,BLOCKING JUNCTION,13.038948,77.730935,2024-01-18 01:00:00,HSR Layout PS,Main Junction,rejected,54.3
VID000410,KA49NO6585,BUS,FOOTPATH PARKING,12.935522,77.712832,2024-01-18 02:00:00,MG Road PS,Underpass,approved,93.11
VID000411,KA21LJ6314,GOODS AUTO,WRONG PARKING,13.038321,77.533326,2024-01-18 03:00:00,HSR Layout PS,,approved,54.99
VID000412,KA73TC1861,VAN,NO PARKING ZONE,12.908077,77.705435,2024-01-18 04:00:00,MG Road PS,Flyover,approved,22.08
VID000413,KA20FY1815,SCOOTER,DOUBLE PARKING,12.850237,77.4501,2024-01-18 05:00:00,Indiranagar PS,,approved,57.4
VID000414,KA87CI8259,CAR,FOOTPATH PARKING,12.886556,77.455306,2024-01-18 06:00:00,MG Road PS,Flyover,approved,23.4
VID000415,KA85NP8242,VAN,FOOTPATH PARKING,12.957764,77.630766,2024-01-18 07:00:00,HSR Layout PS,,approved,51.77
VID000416,KA54IG9394,TANKER,WRONG PARKING,13.06719,77.559439,2024-01-18 08:00:00,HSR Layout PS,,approved,11.66
VID000417,KA15LN2816,TANKER,DOUBLE PARKING,12.873505,77.565938,2024-01-18 09:00:00,MG Road PS,,approved,59.49
VID000418,KA37VV8972,VAN,BLOCKING JUNCTION,13.046468,77.619332,2024-01-18 10:00:00,Madiwala PS,Underpass,approved,51.51
VID000419,KA68VJ1744,LGV,FOOTPATH PARKING,12.971216,77.507535,2024-01-18 11:00:00,Indiranagar PS,,approved,71.61
VID000420,KA29MT1897,CAR,WRONG PARKING,13.039962,77.513527,2024-01-18 12:00:00,Koramangala PS,Flyover,approved,61.76
VID000421,KA01GJ4460,SCOOTER,BLOCKING JUNCTION,12.918626,77.59538,2024-01-18 13:00:00,Bellandur PS,Underpass,approved,54.46
VID000422,KA99EY5186,VAN,DOUBLE PARKING,13.043188,77.676276,2024-01-18 14:00:00,HSR Layout PS,Near Signal,approved,67.08
VID000423,KA38KD1126,LGV,FOOTPATH PARKING,13.027749,77.635849,2024-01-18 15:00:00,Bellandur PS,Flyover,approved,17.95
VID000424,KA64XN3878,TANKER,BLOCKING JUNCTION,12.902912,77.539207,2024-01-18 16:00:00,Koramangala PS,Flyover,rejected,58.58
VID000425,KA17MR4770,TANKER,BLOCKING JUNCTION,12.880207,77.579101,2024-01-18 17:00:00,Bellandur PS,Near Signal,approved,20.49
VID000426,KA65RV6802,BUS,BLOCKING JUNCTION,13.049652,77.501199,2024-01-18 18:00:00,Koramangala PS,Underpass,approved,88.3
VID000427,KA10MX1693,VAN,FOOTPATH PARKING,13.071544,77.472389,2024-01-18 19:00:00,MG Road PS,,rejected,11.15
VID000428,KA56AO2275,CAR,FOOTPATH PARKING,12.8572,77.684809,2024-01-18 20:00:00,Madiwala PS,Flyover,approved,43.73
VID000429,KA41SN7626,MOPED,NO PARKING ZONE,13.018192,77.529616,2024-01-18 21:00:00,HSR Layout PS,Near Signal,approved,67.62
VID000430,KA91UN5743,CAR,DOUBLE PARKING,13.059191,77.50333,2024-01-18 22:00:00,Koramangala PS,,approved,46.22
VID000431,KA15MA6321,TANKER,WRONG PARKING,13.047193,77.657485,2024-01-18 23:00:00,Bellandur PS,Underpass,approved,13.29
VID000432,KA22ZT8538,TANKER,BLOCKING JUNCTION,13.07184,77.635416,2024-01-19 00:00:00,HSR Layout PS,Flyover,approved,54.8
VID000433,KA89LC8155,MOTOR CYCLE,NO PARKING ZONE,13.024822,77.639957,2024-01-19 01:00:00,Madiwala PS,,approved,62.75
VID000434,KA14HN7560,TANKER,WRONG PARKING,12.951729,77.518668,2024-01-19 02:00:00,MG Road PS,,rejected,68.34
VID000435,KA68CM6083,SCOOTER,NO PARKING ZONE,12.921749,77.519794,2024-01-19 03:00:00,HSR Layout PS,Main Junction,approved,38.59
VID000436,KA96KH6456,PASSENGER AUTO,FOOTPATH PARKING,12.923771,77.516241,2024-01-19 04:00:00,Koramangala PS,Near Signal,approved,55.73
VID000437,KA22CQ2868,VAN,BLOCKING JUNCTION,13.016617,77.502126,2024-01-19 05:00:00,Madiwala PS,,approved,45.56
VID000438,KA68QG6724,CAR,WRONG PARKING,13.021543,77.646717,2024-01-19 06:00:00,Bellandur PS,Underpass,approved,65.49
VID000439,KA45XU3419,PASSENGER AUTO,WRONG PARKING,12.896083,77.704405,2024-01-19 07:00:00,Madiwala PS,Main Junction,approved,57.52
VID000440,KA31DE5193,LGV,WRONG PARKING,13.049668,77.667295,2024-01-19 08:00:00,Madiwala PS,,approved,52.32
VID000441,KA26FT3504,MOPED,WRONG PARKING,13.014433,77.687628,2024-01-19 09:00:00,Indiranagar PS,,rejected,27.46
VID000442,KA98YU2234,SCOOTER,WRONG PARKING,12.979433,77.57144,2024-01-19 10:00:00,Madiwala PS,Underpass,approved,5.18
VID000443,KA23YU9095,CAR,NO PARKING ZONE,12.958452,77.646223,2024-01-19 11:00:00,Madiwala PS,Main Junction,approved,20.67
VID000444,KA60YS8354,PASSENGER AUTO,BLOCKING JUNCTION,12.974944,77.556271,2024-01-19 12:00:00,HSR Layout PS,Main Junction,approved,15.54
VID000445,KA88SU6295,MOPED,FOOTPATH PARKING,12.886627,77.607651,2024-01-19 13:00:00,Bellandur PS,Near Signal,approved,45.42
VID000446,KA81KE8205,MOTOR CYCLE,FOOTPATH PARKING,12.896851,77.59449,2024-01-19 14:00:00,HSR Layout PS,,approved,60.1
VID000447,KA09PO5961,SCOOTER,FOOTPATH PARKING,12.870968,77.503066,2024-01-19 15:00:00,HSR Layout PS,Near Signal,rejected,24.18
VID000448,KA36SB6766,SCOOTER,FOOTPATH PARKING,12.885341,77.566124,2024-01-19 16:00:00,Koramangala PS,Main Junction,approved,89.52
VID000449,KA65CJ8565,MOTOR CYCLE,NO PARKING ZONE,12.95435,77.739147,2024-01-19 17:00:00,HSR Layout PS,Near Signal,approved,5.6
VID000450,KA58BB7041,VAN,DOUBLE PARKING,12.971982,77.524574,2024-01-19 18:00:00,Indiranagar PS,Underpass,rejected,74.51
VID000451,KA37CU2479,MOTOR CYCLE,BLOCKING JUNCTION,12.854108,77.490141,2024-01-19 19:00:00,Indiranagar PS,Flyover,approved,61.27
VID000452,KA79TQ7299,SCOOTER,WRONG PARKING,13.033264,77.575574,2024-01-19 20:00:00,Koramangala PS,Underpass,rejected,38.62
VID000453,KA60SR1672,SCOOTER,DOUBLE PARKING,12.917659,77.687101,2024-01-19 21:00:00,MG Road PS,Main Junction,approved,9.54
VID000454,KA58ZS4084,PASSENGER AUTO,FOOTPATH PARKING,13.059722,77.624644,2024-01-19 22:00:00,Bellandur PS,Underpass,approved,61.47
VID000455,KA42TP9214,TANKER,DOUBLE PARKING,13.072528,77.654292,2024-01-19 23:00:00,Bellandur PS,Main Junction,approved,39.71
VID000456,KA20BO2695,MOPED,BLOCKING JUNCTION,12.892656,77.506908,2024-01-20 00:00:00,HSR Layout PS,Underpass,approved,89.26
VID000457,KA44WC9266,MOTOR CYCLE,WRONG PARKING,12.956282,77.635684,2024-01-20 01:00:00,HSR Layout PS,,approved,53.78
VID000458,KA83FB5059,MOPED,WRONG PARKING,12.850283,77.54705,2024-01-20 02:00:00,MG Road PS,,approved,89.57
VID000459,KA91OO9586,MOTOR CYCLE,BLOCKING JUNCTION,12.987615,77.700291,2024-01-20 03:00:00,HSR Layout PS,Underpass,approved,24.84
VID000460,KA67TF6962,LGV,BLOCKING JUNCTION,12.98968,77.63879,2024-01-20 04:00:00,Bellandur PS,Near Signal,approved,70.32
VID000461,KA48JM7697,SCOOTER,FOOTPATH PARKING,12.906934,77.509657,2024-01-20 05:00:00,Madiwala PS,Main Junction,approved,60.55
VID000462,KA44VT1857,TANKER,WRONG PARKING,12.978435,77.469385,2024-01-20 06:00:00,Indiranagar PS,,pending,71.55
VID000463,KA81UK2079,PASSENGER AUTO,DOUBLE PARKING,12.901874,77.46279,2024-01-20 07:00:00,Madiwala PS,Main Junction,approved,24.32
VID000464,KA43DR7333,TANKER,NO PARKING ZONE,12.88699,77.561423,2024-01-20 08:00:00,Madiwala PS,,approved,64.85
VID000465,KA37IX3463,TANKER,NO PARKING ZONE,12.999849,77.529755,2024-01-20 09:00:00,Bellandur PS,Flyover,approved,49.82
VID000466,KA43CS3317,TANKER,BLOCKING JUNCTION,12.924963,77.643827,2024-01-20 10:00:00,Madiwala PS,Underpass,rejected,71.85
VID000467,KA45JU7421,MOPED,FOOTPATH PARKING,12.985761,77.5998,2024-01-20 11:00:00,MG Road PS,,rejected,34.43
VID000468,KA17TW2388,MOTOR CYCLE,NO PARKING ZONE,12.949647,77.529806,2024-01-20 12:00:00,Koramangala PS,Underpass,approved,85.11
VID000469,KA40RM6381,GOODS AUTO,WRONG PARKING,13.076401,77.494771,2024-01-20 13:00:00,HSR Layout PS,Flyover,approved,12.59
VID000470,KA17VW9624,LGV,BLOCKING JUNCTION,12.884404,77.48816,2024-01-20 14:00:00,Koramangala PS,Main Junction,approved,77.65
VID000471,KA12UV7937,CAR,DOUBLE PARKING,12.956858,77.709398,2024-01-20 15:00:00,Indiranagar PS,Underpass,approved,82.52
VID000472,KA66LA6940,TANKER,BLOCKING JUNCTION,13.006505,77.523043,2024-01-20 16:00:00,HSR Layout PS,,approved,78.55
VID000473,KA40FG6598,VAN,DOUBLE PARKING,12.940975,77.645513,2024-01-20 17:00:00,Madiwala PS,Flyover,rejected,51.15
VID000474,KA99PG4711,MOPED,BLOCKING JUNCTION,13.074181,77.693206,2024-01-20 18:00:00,Indiranagar PS,,approved,44.45
VID000475,KA18EC5846,PASSENGER AUTO,BLOCKING JUNCTION,13.016034,77.634224,2024-01-20 19:00:00,HSR Layout PS,Flyover,approved,94.66
VID000476,KA13QY9843,CAR,BLOCKING JUNCTION,13.001106,77.70787,2024-01-20 20:00:00,MG Road PS,Flyover,rejected,25.63
VID000477,KA95QB6517,GOODS AUTO,DOUBLE PARKING,13.024124,77.567718,2024-01-20 21:00:00,MG Road PS,,approved,54.22
VID000478,KA99TE7172,VAN,DOUBLE PARKING,13.069109,77.736867,2024-01-20 22:00:00,MG Road PS,Underpass,approved,65.36
VID000479,KA20FF3712,GOODS AUTO,BLOCKING JUNCTION,13.058798,77.489944,2024-01-20 23:00:00,MG Road PS,Main Junction,approved,68.08
VID000480,KA93OB7731,CAR,NO PARKING ZONE,13.016586,77.480645,2024-01-21 00:00:00,Madiwala PS,Main Junction,pending,23.36
VID000481,KA47VX4891,TANKER,FOOTPATH PARKING,13.022307,77.647608,2024-01-21 01:00:00,Koramangala PS,Flyover,approved,63.86
VID000482,KA57TJ8355,VAN,FOOTPATH PARKING,12.883562,77.732849,2024-01-21 02:00:00,HSR Layout PS,,pending,78.65
VID000483,KA30RH6070,GOODS AUTO,FOOTPATH PARKING,12.873642,77.692665,2024-01-21 03:00:00,Madiwala PS,Flyover,rejected,9.5
VID000484,KA61GL8218,PASSENGER AUTO,DOUBLE PARKING,12.981308,77.472925,2024-01-21 04:00:00,MG Road PS,Main Junction,approved,87.04
VID000485,KA60YJ7256,MOTOR CYCLE,DOUBLE PARKING,12.854225,77.53381,2024-01-21 05:00:00,Koramangala PS,Flyover,approved,7.66
VID000486,KA65QN3655,SCOOTER,NO PARKING ZONE,12.960942,77.729096,2024-01-21 06:00:00,Indiranagar PS,Flyover,rejected,37.04
VID000487,KA26ZT3267,MOTOR CYCLE,FOOTPATH PARKING,12.89838,77.525918,2024-01-21 07:00:00,Indiranagar PS,Main Junction,approved,6.42
VID000488,KA33BU8873,CAR,FOOTPATH PARKING,12.929584,77.684351,2024-01-21 08:00:00,Indiranagar PS,Underpass,pending,11.94
VID000489,KA48RD9452,MOPED,BLOCKING JUNCTION,13.028435,77.69754,2024-01-21 09:00:00,MG Road PS,Flyover,pending,87.01
VID000490,KA16JC3626,SCOOTER,DOUBLE PARKING,13.066485,77.598636,2024-01-21 10:00:00,Indiranagar PS,Underpass,approved,36.94
VID000491,KA35OQ3414,LGV,FOOTPATH PARKING,12.866656,77.565905,2024-01-21 11:00:00,Bellandur PS,Flyover,approved,43.23
VID000492,KA56CH8391,PASSENGER AUTO,NO PARKING ZONE,12.972876,77.585037,2024-01-21 12:00:00,HSR Layout PS,,pending,24.38
VID000493,KA45AN1872,LGV,NO PARKING ZONE,13.052983,77.518089,2024-01-21 13:00:00,HSR Layout PS,Flyover,approved,58.74
VID000494,KA51QL4862,VAN,FOOTPATH PARKING,12.868977,77.716817,2024-01-21 14:00:00,MG Road PS,Flyover,approved,58.53
VID000495,KA50CL4678,SCOOTER,DOUBLE PARKING,13.039638,77.585186,2024-01-21 15:00:00,Bellandur PS,Near Signal,approved,38.5
VID000496,KA04KD6493,LGV,NO PARKING ZONE,12.932294,77.714738,2024-01-21 16:00:00,Madiwala PS,,approved,34.97
VID000497,KA19EB5700,LGV,BLOCKING JUNCTION,12.924082,77.481708,2024-01-21 17:00:00,Madiwala PS,,pending,84.65
VID000498,KA61WE8685,GOODS AUTO,NO PARKING ZONE,13.074817,77.746483,2024-01-21 18:00:00,Indiranagar PS,Underpass,rejected,39.5
VID000499,KA58TA2298,MOTOR CYCLE,WRONG PARKING,12.896198,77.582982,2024-01-21 19:00:00,Koramangala PS,Underpass,approved,49.42
